Produce,grocery
Produce,grocery,Dairy,SnacksAndDesert,Fruits
Dairy
Produce,grocery,Dairy,SnacksAndDesert
Produce,grocery,SnacksAndDesert
Produce,grocery,Dairy,SnacksAndDesert,Fruits
Produce,Dairy,grocery,SnacksAndDesert,Fruits
Produce,grocery,SnacksAndDesert,Beverage,Fruits
Produce,grocery,Dairy,SnacksAndDesert,Fruits
Produce,Dairy,SnacksAndDesert
grocery,SnacksAndDesert,Merchandise,Fruits
Produce,grocery,Dairy,SnacksAndDesert,Fruits
Produce
Produce,grocery,Dairy,SnacksAndDesert
Produce,SnacksAndDesert
Produce,Dairy,grocery,Fruits
Produce,grocery,SnacksAndDesert
Produce,Dairy,SnacksAndDesert,Fruits
Produce,SnacksAndDesert,Beverage,Merchandise,Fruits
Produce,Beverage
Produce,grocery,SnacksAndDesert
